<?xml version="1.0" encoding="utf-8"?>
<modification>
	<name><![CDATA[Product Accessories]]></name>
	<code>product-accessories</code>
	<version>4.1</version>
	<author><![CDATA[Júlio César]]></author>
	<file path="admin/controller/catalog/product.php">
		<operation>
			<search><![CDATA[
			$data['entry_recurring'] = $this->language->get('entry_recurring');
			]]></search>
			<add position="after"><![CDATA[
			$data['text_sort_order'] = $this->language->get('text_sort_order');
			$data['text_required'] = $this->language->get('text_required');
			$data['entry_accessory'] = $this->language->get('entry_accessory');
			$data['help_accessory'] = $this->language->get('help_accessory');
			]]></add>
		</operation>
		<operation>
			<search><![CDATA[
			if (isset($this->request->post['points'])) {
			]]></search>
			<add position="before"><![CDATA[
			if (isset($this->request->post['product_accessory'])) {
				$products_accessory = $this->request->post['product_accessory'];
			} elseif (isset($this->request->get['product_id'])) {
				$products_accessory = $this->model_catalog_product->getProductAccessory($this->request->get['product_id']);
			} else {
				$products_accessory = array();
			}
			
			$data['products_accessory'] = array();

			foreach ($products_accessory as $product_accessory) {
				$accessory_info = $this->model_catalog_product->getProduct($product_accessory['accessory_id']);
				
				if ($accessory_info) {
					$data['products_accessory'][] = array(
						'accessory_id' 	=> $product_accessory['accessory_id'],
						'name'       	=> $accessory_info['name'],
						'sort_order' 	=> $product_accessory['sort_order'],
						'required' 		=> (isset($product_accessory['required']) && $product_accessory['required']) ? '1' : '0'
					);
				}
			}
			]]></add>
		</operation>
	</file>
	<file path="admin/language/*/catalog/product.php">
		<operation>
			<search><![CDATA[
			// Help
			]]></search>
			<add position="before"><![CDATA[
			$_['text_sort_order'] 	= 'Sort Order';
			$_['text_required'] 	= 'Required';
			$_['entry_accessory'] 	= 'Product Accessories';
			$_['help_accessory']	= '(Autocomplete)';
			]]></add>
		</operation>
	</file>
	<file path="admin/model/catalog/product.php">
		<operation>
			<search><![CDATA[
			$product_id = $this->db->getLastId();
			]]></search>
			<add position="after"><![CDATA[
			if (isset($data['product_accessory'])) {
				foreach ($data['product_accessory'] as $product_accessory) {
					$required = (isset($product_accessory['required']) && $product_accessory['required']) ? 1 : 0;
					
					$this->db->query("INSERT INTO " . DB_PREFIX . "product_accessory SET product_id = '" . (int)$product_id . "', accessory_id = '" . (int)$product_accessory['accessory_id'] . "', sort_order = '" . (int)$product_accessory['sort_order'] . "', required = '" . (int)$required . "'");
				}
			}			
			]]></add>
		</operation>
		<operation>
			<search><![CDATA[
			public function editProduct($product_id, $data) {
			]]></search>
			<add position="after"><![CDATA[
			$this->db->query("DELETE FROM " . DB_PREFIX . "product_accessory WHERE product_id = '" . (int)$product_id . "'");
			
			if (isset($data['product_accessory'])) {
				foreach ($data['product_accessory'] as $product_accessory) {
					$required = (isset($product_accessory['required']) && $product_accessory['required']) ? 1 : 0;
					
					$this->db->query("INSERT INTO " . DB_PREFIX . "product_accessory SET product_id = '" . (int)$product_id . "', accessory_id = '" . (int)$product_accessory['accessory_id'] . "', sort_order = '" . (int)$product_accessory['sort_order'] . "', required = '" . (int)$required . "'");
				}
			}
			]]></add>
		</operation>
		<operation>
			<search><![CDATA[
			$this->addProduct($data);
			]]></search>
			<add position="before"><![CDATA[
			$data = array_merge($data, array('product_accessory' => $this->getProductAccessory($product_id)));
			]]></add>
		</operation>
		<operation>
			<search><![CDATA[
			public function deleteProduct($product_id) {
			]]></search>
			<add position="after"><![CDATA[
			$this->db->query("DELETE FROM " . DB_PREFIX . "product_accessory WHERE product_id = '" . (int)$product_id . "'");
			]]></add>
		</operation>
		<operation>
			<search><![CDATA[
			public function getTotalProductsByLayoutId($layout_id) {
			]]></search>
			<add position="before"><![CDATA[
			public function getProductAccessory($product_id) {
				$query = $this->db->query("SELECT * FROM " . DB_PREFIX . "product_accessory WHERE product_id = '" . (int)$product_id . "' ORDER BY sort_order");

				return $query->rows;
			}			
			]]></add>
		</operation>											
	</file>	
	<file path="admin/view/template/catalog/product_form.tpl">
		<operation>
			<search><![CDATA[
			<div class="tab-pane" id="tab-attribute">
			]]></search>
			<add position="before" offset="1"><![CDATA[
              <div class="form-group">
                <label class="col-sm-2 control-label" for="input-accessory"><span data-toggle="tooltip" title="<?php echo $help_accessory; ?>"><?php echo $entry_accessory; ?></span></label>
                <div class="col-sm-10">
                  <input type="text" name="accessory" value="" placeholder="<?php echo $entry_accessory; ?>" id="input-accessory" class="form-control" />
                  <div id="product-accessory" class="well well-sm" style="height: 150px; overflow: auto;">
					<?php $accessory_row = 0; ?>
                    <?php foreach ($products_accessory as $product_accessory) { ?>
                    <div id="product-accessory<?php echo $product_accessory['accessory_id']; ?>"><i class="fa fa-minus-circle"></i> 
					  <input type="checkbox" name="product_accessory[<?php echo $accessory_row; ?>][required]" value="1" <?php echo ($product_accessory['required']) ? "checked=checked" : ""; ?> title="<?php echo $text_required; ?>" style="display:inline-block" /> 
					  <input type="text" name="product_accessory[<?php echo $accessory_row; ?>][sort_order]" value="<?php echo $product_accessory['sort_order']; ?>"  title="<?php echo $text_sort_order; ?>" style="width: 35px;padding: 0 2px;border-radius: 3px;border: 1px solid #cccccc;display: inline-block" /> 
					  <?php echo $product_accessory['name']; ?>
                      <input type="hidden" name="product_accessory[<?php echo $accessory_row; ?>][accessory_id]" value="<?php echo $product_accessory['accessory_id']; ?>" />
                    </div>
					<?php $accessory_row++; ?>
                    <?php } ?>
                  </div>
                </div>
              </div>			
			]]></add>
		</operation>
		<operation>
			<search><![CDATA[
			<?php echo $footer; ?>
			]]></search>
			<add position="before"><![CDATA[
			<script type="text/javascript">
			var accessory_row = <?php echo $accessory_row; ?>;
			$('input[name=\'accessory\']').autocomplete({
				'source': function(request, response) {
					$.ajax({
						url: 'index.php?route=catalog/product/autocomplete&token=<?php echo $token; ?>&filter_name=' +  encodeURIComponent(request),
						dataType: 'json',			
						success: function(json) {
							response($.map(json, function(item) {
								return {
									label: item['name'],
									value: item['product_id']
								}
							}));
						}
					});
				},
				'select': function(item) {
					$('input[name=\'accessory\']').val('');
					
					$('#product-accessory' + item['value']).remove();
					
					$('#product-accessory').append('<div id="product-accessory' + item['value'] + '"><i class="fa fa-minus-circle"></i> <input type="checkbox" name="product_accessory[' + accessory_row + '][required]" value="1" title="<?php echo $text_required; ?>" style="display:inline-block" /> <input type="text" name="product_accessory[' + accessory_row + '][sort_order]" value="" title="<?php echo $text_sort_order; ?>" style="width: 35px;padding: 0 2px;border-radius: 3px;border: 1px solid #cccccc;display: inline-block;" /> ' + item['label'] + '<input type="hidden" name="product_accessory[' + accessory_row + '][accessory_id]" value="' + item['value'] + '" /></div>');	
					
					accessory_row++;
				}	
			});

			$('#product-accessory').delegate('.fa-minus-circle', 'click', function() {
				$(this).parent().remove();
			});
			</script>
			]]></add>
		</operation>
	</file>
	<file path="catalog/controller/product/product.php">
		<operation error="skip">
			<search><![CDATA[
			$data['heading_title'] = $product_info['name'];
			]]></search>
			<add position="after"><![CDATA[
			$data['text_accessories'] = $this->language->get('text_accessories');
			$data['text_total_accessories'] = $this->language->get('text_total_accessories');
			$data['text_total_accessories_tax'] = $this->language->get('text_total_accessories_tax');
			$data['text_total_geral'] = $this->language->get('text_total_geral');
			$data['text_total_geral_tax'] = $this->language->get('text_total_geral_tax');
			$data['text_accessory_required'] =  $this->language->get('text_accessory_required');
			$data['text_plus_options'] =  $this->language->get('text_plus_options');
			$data['text_wait'] =  $this->language->get('text_wait');
			$data['thousand_point'] = $this->language->get('thousand_point');
			$data['decimal_point'] = $this->language->get('decimal_point');

			if (version_compare(VERSION, '2.2') < 0) {
				$data['simbol_left'] = $this->currency->getSymbolLeft();
				$data['simbol_right'] = $this->currency->getSymbolRight();
				$data['decimal_place'] = $this->currency->getDecimalPlace();
			} else {
				$data['simbol_left'] = $this->currency->getSymbolLeft($this->session->data['currency']);
				$data['simbol_right'] = $this->currency->getSymbolRight($this->session->data['currency']);
				$data['decimal_place'] = $this->currency->getDecimalPlace($this->session->data['currency']);
			}
			]]></add>
		</operation>
		<operation>
			<search><![CDATA[
			$data['options'] = array();
			]]></search>
			<add position="before"><![CDATA[
			if (version_compare(VERSION, '2.2') < 0) {
				if ($this->customer->isLogged() || !$this->config->get('config_customer_price')) {
					$data['price_value'] = $this->currency->format($this->tax->calculate($product_info['price'], $product_info['tax_class_id'], $this->config->get('config_tax')), '', '', false);
				} else {
					$data['price_value'] = false;
				}
				
				if ((float)$product_info['special']) {
					$data['special_value'] = $this->currency->format($this->tax->calculate($product_info['special'], $product_info['tax_class_id'], $this->config->get('config_tax')), '', '', false);
				} else {
					$data['special_value'] = false;
				}
				
				if ($this->config->get('config_tax')) {
					$data['tax_value'] = $this->currency->format((float)$product_info['special'] ? $product_info['special'] : $product_info['price'], '', '', false);
				} else {
					$data['tax_value'] = false;
				}
			} else {
				if (($this->config->get('config_customer_price') && $this->customer->isLogged()) || !$this->config->get('config_customer_price')) {
					$data['price_value'] = $this->currency->format($this->tax->calculate($product_info['price'], $product_info['tax_class_id'], $this->config->get('config_tax')), $this->session->data['currency'], '', false);
				} else {
					$data['price_value'] = false;
				}
				
				if ((float)$product_info['special']) {
					$data['special_value'] = $this->currency->format($this->tax->calculate($product_info['special'], $product_info['tax_class_id'], $this->config->get('config_tax')), $this->session->data['currency'], '', false);
				} else {
					$data['special_value'] = false;
				}
				
				if ($this->config->get('config_tax')) {
					$data['tax_value'] = $this->currency->format((float)$product_info['special'] ? $product_info['special'] : $product_info['price'], $this->session->data['currency'], '', false);
				} else {
					$data['tax_value'] = false;
				}			
			}
			]]></add>
		</operation>		
		<operation>
			<search><![CDATA[
			$data['products'] = array();
			]]></search>
			<add position="before"><![CDATA[
			$data['accessories'] = array();
			$data['accessories_ids'] = array();
			$data['accessory_options'] = array();
			
			$results = $this->model_catalog_product->getProductAccessory($this->request->get['product_id']);

			foreach ($results as $result) {
				if (version_compare(VERSION, '2.2') < 0) {
					if ($result['image']) {
						$thumb = $this->model_tool_image->resize($result['image'], $this->config->get('config_image_additional_width'), $this->config->get('config_image_additional_height'));
						$popup = $this->model_tool_image->resize($result['image'], $this->config->get('config_image_popup_width'), $this->config->get('config_image_popup_height'));
					} else {
						$thumb = $this->model_tool_image->resize('placeholder.png', $this->config->get('config_image_additional_width'), $this->config->get('config_image_additional_height'));
						$popup = '';
					}
				} else {
					if ($result['image']) {
						$thumb = $this->model_tool_image->resize($result['image'], $this->config->get($this->config->get('config_theme') . '_image_additional_width'), $this->config->get($this->config->get('config_theme') . '_image_additional_height'));
						$popup = $this->model_tool_image->resize($result['image'], $this->config->get($this->config->get('config_theme') . '_image_popup_width'), $this->config->get($this->config->get('config_theme') . '_image_popup_height'));
					} else {
						$thumb = $this->model_tool_image->resize('placeholder.png', $this->config->get($this->config->get('config_theme') . '_image_additional_width'), $this->config->get($this->config->get('config_theme') . '_image_additional_height'));
						$popup = '';
					}					
				}
					
				if (($this->config->get('config_customer_price') && $this->customer->isLogged()) || !$this->config->get('config_customer_price')) {
					if (version_compare(VERSION, '2.2') < 0) {
						$price = $this->currency->format($this->tax->calculate($result['price'], $result['tax_class_id'], $this->config->get('config_tax')));
						$price_value = $this->currency->format($this->tax->calculate($result['price'], $result['tax_class_id'], $this->config->get('config_tax')), '', '', false);
					} else {
						$price = $this->currency->format($this->tax->calculate($result['price'], $result['tax_class_id'], $this->config->get('config_tax')), $this->session->data['currency']);
						$price_value = $this->currency->format($this->tax->calculate($result['price'], $result['tax_class_id'], $this->config->get('config_tax')), $this->session->data['currency'], '', false);
					}
				} else {
					$price = false;
					$price_value = false;
				}
						
				if ((float)$result['special']) {
					if (version_compare(VERSION, '2.2') < 0) {
						$special = $this->currency->format($this->tax->calculate($result['special'], $result['tax_class_id'], $this->config->get('config_tax')));
						$special_value = $this->currency->format($this->tax->calculate($result['special'], $result['tax_class_id'], $this->config->get('config_tax')), '', '', false);
					} else {
						$special = $this->currency->format($this->tax->calculate($result['special'], $result['tax_class_id'], $this->config->get('config_tax')), $this->session->data['currency']);
						$special_value = $this->currency->format($this->tax->calculate($result['special'], $result['tax_class_id'], $this->config->get('config_tax')), $this->session->data['currency'], '', false);
					}
				} else {
					$special = false;
					$special_value = false;
				}
				
				if ($this->config->get('config_tax')) {
					if (version_compare(VERSION, '2.2') < 0) {
						$tax = $this->currency->format((float)$result['special'] ? $result['special'] : $result['price']);
						$tax_value = $this->currency->format((float)$result['special'] ? $result['special'] : $result['price'], '', '', false);
					} else {
						$tax = $this->currency->format((float)$result['special'] ? $result['special'] : $result['price'], $this->session->data['currency']);
						$tax_value = $this->currency->format((float)$result['special'] ? $result['special'] : $result['price'], $this->session->data['currency'], '', false);
					}
				} else {
					$tax = false;
					$tax_value = false;
				}				
				
				if ($result['minimum'] > 1) {
					$minimum = $result['minimum'];
				}
				else if ($result['required']){
					$minimum = 1;
				}
				else{
					$minimum = 0;
				}
				
				$discounts = $this->model_catalog_product->getProductDiscounts($result['product_id']);
				
				$discounts_accessory = array(); 
				
				foreach ($discounts as $discount) {
				
					if (version_compare(VERSION, '2.2') < 0) {
						$price_discount = $this->currency->format($this->tax->calculate($discount['price'], $result['tax_class_id'], $this->config->get('config_tax')));
						$price_discount_value = $this->currency->format($this->tax->calculate($discount['price'], $result['tax_class_id'], $this->config->get('config_tax')), '', '', false);
					} else {
						$price_discount = $this->currency->format($this->tax->calculate($discount['price'], $result['tax_class_id'], $this->config->get('config_tax')), $this->session->data['currency']);
						$price_discount_value = $this->currency->format($this->tax->calculate($discount['price'], $result['tax_class_id'], $this->config->get('config_tax')), $this->session->data['currency'], '', false);
					}				
					$discounts_accessory[] = array(
						'quantity' => $discount['quantity'],
						'price'    => $price_discount,
						'price_value'    => $price_discount_value
					);
				}
				
				$text_min_qty = sprintf($this->language->get('text_pa_min_qty'), $minimum);
				
				$data['accessories'][] = array(
					'product_id'    => $result['product_id'],
					'name'    		=> $result['name'],
					'price'   		=> $price,
					'price_value'   => $price_value,
					'tax'   		=> $tax,
					'tax_value'   	=> $tax_value,					
					'special' 		=> $special,
					'required' 		=> $result['required'],
					'special_value'	=> $special_value,
					'minimum'		=> $minimum,
					'text_min_qty'  => $text_min_qty,
					'discounts'		=> $discounts_accessory,
					'thumb'   		=> $thumb,
					'popup'   		=> $popup,
					'href'    		=> $this->url->link('product/product', 'product_id=' . $result['product_id']),
					'href_description' => $this->url->link('product/product/getproductdescription', 'product_id=' . $result['product_id'])
				);
			
				$data['accessories_ids'][] = $result['product_id'];
				
				// options
				foreach ($this->model_catalog_product->getProductOptions($result['product_id']) as $option) {
					$product_option_value_data = array();

					foreach ($option['product_option_value'] as $option_value) {
						if (!$option_value['subtract'] || ($option_value['quantity'] > 0)) {
							if ((($this->config->get('config_customer_price') && $this->customer->isLogged()) || !$this->config->get('config_customer_price')) && (float)$option_value['price']) {
							
								if (version_compare(VERSION, '2.2') < 0) {
									$price = $this->currency->format($this->tax->calculate($option_value['price'], $product_info['tax_class_id'], $this->config->get('config_tax') ? 'P' : false));
								} else {
									$price = $this->currency->format($this->tax->calculate($option_value['price'], $product_info['tax_class_id'], $this->config->get('config_tax') ? 'P' : false), $this->session->data['currency']);
								}
							} else {
								$price = false;
							}
							
							if (version_compare(VERSION, '2.2') < 0) {
								if ($option_value['image']) {
									$image_option = $this->model_tool_image->resize($option_value['image'], $this->config->get('config_image_additional_width'), $this->config->get('config_image_additional_height'));
								} else {
									$image_option = $this->model_tool_image->resize('placeholder.png', $this->config->get('config_image_additional_width'), $this->config->get('config_image_additional_height'));
								}
							} else {
								if ($option_value['image']) {
									$image_option = $this->model_tool_image->resize($option_value['image'], $this->config->get($this->config->get('config_theme') . '_image_additional_width'), $this->config->get($this->config->get('config_theme') . '_image_additional_height'));
								} else {
									$image_option = $this->model_tool_image->resize('placeholder.png', $this->config->get($this->config->get('config_theme') . '_image_additional_width'), $this->config->get($this->config->get('config_theme') . '_image_additional_height'));
								}					
							}							

							$product_option_value_data[] = array(
								'product_option_value_id' => $option_value['product_option_value_id'],
								'option_value_id'         => $option_value['option_value_id'],
								'name'                    => $option_value['name'],
								'image'                   => $image_option,
								'price'                   => $price,
								'price_prefix'            => $option_value['price_prefix']
							);
						}
					}

					$data['accessory_options'][$result['product_id']][] = array(
						'product_option_id'    => $option['product_option_id'],
						'product_option_value' => $product_option_value_data,
						'option_id'            => $option['option_id'],
						'name'                 => $option['name'],
						'type'                 => $option['type'],
						'value'                => $option['value'],
						'required'             => $option['required']
					);
				}				
				// end options				
			}
			]]></add>
		</operation>
		<operation>
			<search><![CDATA[
			public function write() {
			]]></search>
			<add position="before"><![CDATA[
			public function discount() {
				$this->language->load('product/product');
				
				$this->load->model('catalog/product');
				
				$json = array();
				
				if ($this->request->server['REQUEST_METHOD'] == 'POST') {
				
					if (isset($this->request->get['product_id'])) {
						$product_id = $this->request->get['product_id'];
					} else {
						$product_id = 0;
					} 				
					
					$quantity = (int)$this->request->post['quantity'];
					
					$data = $this->model_catalog_product->getProductPrice($product_id, $quantity);
				
					if (!$data['price']) {
						$json['error'] = sprintf($this->language->get('error_get_price'), $data['name']);
					}
					
					if ($quantity > 0 && $quantity < $data['minimum']) {
						$json['error'] = sprintf($this->language->get('error_pa_minimum'), $data['name'], $data['minimum']);
					}					
					
					if (!isset($json['error'])) {
						$json['price'] = $data['price'];
						$json['tax'] = $data['tax'];
						$json['success'] = true;
					}
				}
				$this->response->addHeader('Content-Type: application/json');
				$this->response->setOutput(json_encode($json));
			}
			public function getproductdescription() {
				$this->load->model('catalog/product');

				if (isset($this->request->get['product_id'])) {
					$product_id = (int)$this->request->get['product_id'];
				} else {
					$product_id = 0;
				}

				$output = '';

				$product_info = $this->model_catalog_product->getProduct($product_id);

				if ($product_info) {
					$url = $this->url->link('product/product', 'product_id=' . $product_info['product_id']);
					
					$output .= html_entity_decode($product_info['description'], ENT_QUOTES, 'UTF-8') . "\n";
					$output .= '<button type="button" onclick="location = \'' . $url . '\';" class="btn btn-primary btn-lg btn-block">Go to product page</button>';
				}

				$this->response->setOutput($output);
			}			
			]]></add>
		</operation>														
	</file>
	<file path="catalog/controller/checkout/cart.php">
		<operation>
			<search><![CDATA[
			$product_options = $this->model_catalog_product->getProductOptions($this->request->post['product_id']);
			]]></search>
			<add position="before"><![CDATA[
			if (isset($this->request->post['accessories'])) {
				$accessories = $this->request->post['accessories'];
			} else {
				$accessories = array();	
			}
							
			$product_accessories = $this->model_catalog_product->getProductAccessory($this->request->post['product_id']);
			
			foreach ($product_accessories as $product_accessory) {
				if ($product_accessory['required'] && empty($accessories[$product_accessory['product_id']])) {
					$json['error']['accessory'][$product_accessory['product_id']] = sprintf($this->language->get('error_required'), $product_accessory['name']);
				}
				// options
				if (isset($this->request->post['accessory_option'][$product_accessory['product_id']]) && !empty($accessories[$product_accessory['product_id']])) {
					$accessory_option[$product_accessory['product_id']] = array_filter($this->request->post['accessory_option'][$product_accessory['product_id']]);
				} else {
					$accessory_option[$product_accessory['product_id']] = array();	
				}
				
				$product_accessory_options = $this->model_catalog_product->getProductOptions($product_accessory['product_id']);
				
				foreach ($product_accessory_options as $product_accessory_option) {
					if ($product_accessory_option['required'] && empty($accessory_option[$product_accessory['product_id']][$product_accessory_option['product_option_id']]) && !empty($accessories[$product_accessory['product_id']])) {
						$json['error']['accessory_option'][$product_accessory['product_id'] . "-" . $product_accessory_option['product_option_id']] = sprintf($this->language->get('error_required'), $product_accessory_option['name']);
					}
				}				
				// end options				
			}
			]]></add>
		</operation>
		<operation>
			<search><![CDATA[
			if (!$json) {
			]]></search>
			<add position="after"><![CDATA[
			if (isset($this->request->post['accessories'])) {
				foreach ($this->request->post['accessories'] as $accessory_id=>$accessory_quantity){
					if((int)$accessory_quantity){
						$this->cart->add($accessory_id, $accessory_quantity, $accessory_option[$accessory_id], 0);
					}
				}
			}
			]]></add>
		</operation>
	</file>	
	<file path="catalog/language/*/product/product.php">
		<operation>
			<search><![CDATA[
			// Text
			]]></search>
			<add position="after"><![CDATA[
			$_['text_accessories']    		= 'Accessories';
			$_['text_total_accessories']	= 'Total accessories:';
			$_['text_total_accessories_tax']= 'Total accessories (Ex Tax):';
			$_['text_total_geral']    		= 'Grand total:';
			$_['text_total_geral_tax']    	= 'Grand total (Ex Tax):';
			$_['text_accessory_required'] 	= '* Required';
			$_['text_pa_min_qty'] 			= '* Minimum quantity of %s';
			$_['error_get_price'] 			= '%s error get price';
			$_['error_pa_minimum'] 			= '%s minimum quantity of %s';
			$_['text_pa_goto_product_page'] = 'Go to product page';
			$_['text_plus_options'] 		= ' + options';
			$_['text_wait'] 				= 'Wait...';
			]]></add>
		</operation>	
	</file>
	<file path="catalog/model/catalog/product.php">
		<operation>
			<search><![CDATA[
			public function getTotalProductSpecials() {
			]]></search>
			<add position="before"><![CDATA[
			public function getProductAccessory($product_id) {
				$product_data = array();
		
				$query = $this->db->query("SELECT * FROM " . DB_PREFIX . "product_accessory pa LEFT JOIN " . DB_PREFIX . "product p ON (pa.accessory_id = p.product_id) LEFT JOIN " . DB_PREFIX . "product_to_store p2s ON (p.product_id = p2s.product_id) WHERE pa.product_id = '" . (int)$product_id . "' AND p.status = '1' AND p.date_available <= NOW() AND p2s.store_id = '" . (int)$this->config->get('config_store_id') . "' ORDER BY pa.sort_order");
				
				foreach ($query->rows as $result) { 
					$product_result = $this->getProduct($result['accessory_id']);
					$product_result['required'] = $result['required'];
					$product_data[$result['accessory_id']] = $product_result;
				}
				
				return $product_data;
			}
			public function getProductPrice($product_id, $discount_quantity) {
				
				$data['price'] = 0;
				$data['minimum'] = 1;
				$data['name'] = $product_id;
				$data['tax'] = 0;				
				
				$product_query = $this->db->query("SELECT * FROM " . DB_PREFIX . "product p LEFT JOIN " . DB_PREFIX . "product_description pd ON (p.product_id = pd.product_id) WHERE p.product_id = '" . (int)$product_id . "' AND pd.language_id = '" . (int)$this->config->get('config_language_id') . "' AND p.date_available <= NOW() AND p.status = '1'");
				
				if ($product_query->num_rows) {
					$data['price'] = $product_query->row['price'];
					$data['minimum'] = $product_query->row['minimum'];
					$data['name'] = $product_query->row['name'];
					
					$product_discount_query = $this->db->query("SELECT price FROM " . DB_PREFIX . "product_discount WHERE product_id = '" . (int)$product_id . "' AND customer_group_id = '" . (int)$this->config->get('config_customer_group_id') . "' AND quantity <= '" . (int)$discount_quantity . "' AND ((date_start = '0000-00-00' OR date_start < NOW()) AND (date_end = '0000-00-00' OR date_end > NOW())) ORDER BY quantity ASC, priority ASC, price ASC LIMIT 1");
					
					if ($product_discount_query->num_rows) {
						$data['price'] = $product_discount_query->row['price'];
					}
					
					$product_special_query = $this->db->query("SELECT price FROM " . DB_PREFIX . "product_special WHERE product_id = '" . (int)$product_id . "' AND customer_group_id = '" . (int)$this->config->get('config_customer_group_id') . "' AND ((date_start = '0000-00-00' OR date_start < NOW()) AND (date_end = '0000-00-00' OR date_end > NOW())) ORDER BY priority ASC, price ASC LIMIT 1");
				
					if ($product_special_query->num_rows) {
						$data['price'] = $product_special_query->row['price'];
					}

					if ($this->config->get('config_tax')) {
						if (version_compare(VERSION, '2.2') < 0) {
							$data['tax'] = $this->currency->format($data['price'], '', '', false);
						} else {
							$data['tax'] = $this->currency->format($data['price'], $this->session->data['currency'], '', false);
						}
					}
					
					if (version_compare(VERSION, '2.2') < 0) {
						$data['price'] = $this->currency->format($this->tax->calculate($data['price'], $product_query->row['tax_class_id'], $this->config->get('config_tax')), '', '', false);
					} else {
						$data['price'] = $this->currency->format($this->tax->calculate($data['price'], $product_query->row['tax_class_id'], $this->config->get('config_tax')), $this->session->data['currency'], '', false);
					}
					
				}
				return $data;			
			}			
			]]></add>
		</operation>	
	</file>
	<file path="catalog/view/theme/*/template/product/product.tpl">
		<operation>
			<search><![CDATA[
			<div class="help-block" id="recurring-description"></div>
			]]></search>
			<add position="after" offset="2"><![CDATA[
			<?php if ($accessories) { ?>
			<hr />
            <h3><?php echo $text_accessories; ?></h3>
			<p><i class="fa fa-info-circle"></i> Enter desired quantity before clicking 'Add to Cart' button</p>			
			  <div class="row">
				<?php foreach ($accessories as $accessory) { ?>  
				<div class="product-layout product-list col-xs-12">
				  <div class="product-thumb" style="margin-bottom: 5px;border: none;">
				    <div class="image pa-thumb" style="padding: 3px;"><a href="<?php echo $accessory['popup']; ?>" style="margin: 0; padding: 0;"><img src="<?php echo $accessory['thumb']; ?>" alt="<?php echo $accessory['name']; ?>" title="<?php echo $accessory['name']; ?>" class="img-responsive" /></a></div>
					<div class="caption pa-caption">
					  <h4 style="margin: 5px 0;"><a href="<?php echo $accessory['href_description']; ?>" class="pa-description" ><?php echo $accessory['name']; ?></a></h4>
					  <?php if ($accessory['price']) { ?>
						<ul class="list-unstyled">
						<?php if ($accessory['minimum'] > 1) { ?>
						<li><?php echo $accessory['text_min_qty'] ?></li>
						<?php } ?>
						<?php if ($accessory['discounts'] && !$accessory['special']) { ?>
						<?php foreach ($accessory['discounts'] as $discount) { ?>
						<li><?php echo $discount['quantity']; ?><?php echo $text_discount; ?><?php echo $discount['price']; ?></li>
						<?php } ?>
						<?php } ?>
						<?php if ($accessory['required']) { ?>
						<li><?php echo $text_accessory_required; ?></li>
						<?php } ?>
						</ul>
						<p class="price" style="margin-bottom: 5px;">
						  <?php if (!$accessory['special']) { ?>
						  <?php echo $accessory['price']; ?>
						  <?php } else { ?>
						  <span class="price-new"><?php echo $accessory['special']; ?></span> <span class="price-old"><?php echo $accessory['price']; ?></span>
						  <?php } ?>
							<?php if ($accessory['tax']) { ?>
							<span class="price-tax"><?php echo $text_tax; ?> <?php echo $accessory['tax']; ?></span>
							<?php } ?>						  
						</p>
					  <?php } ?>
					  <!-- options -->
						<?php if (isset($accessory_options[$accessory['product_id']])) { ?>
						<?php foreach ($accessory_options[$accessory['product_id']] as $option) { ?>
						<?php if ($option['type'] == 'select') { ?>
						<div class="form-group<?php echo ($option['required'] ? ' required' : ''); ?>">
						  <label class="control-label" for="input-option-<?php echo $accessory['product_id']; ?>-<?php echo $option['product_option_id']; ?>"><?php echo $option['name']; ?></label>
						  <select name="accessory_option[<?php echo $accessory['product_id']; ?>][<?php echo $option['product_option_id']; ?>]" id="input-option-<?php echo $accessory['product_id']; ?>-<?php echo $option['product_option_id']; ?>" class="form-control">
							<option value=""><?php echo $text_select; ?></option>
							<?php foreach ($option['product_option_value'] as $option_value) { ?>
							<option value="<?php echo $option_value['product_option_value_id']; ?>"><?php echo $option_value['name']; ?>
							<?php if ($option_value['price']) { ?>
							(<?php echo $option_value['price_prefix']; ?><?php echo $option_value['price']; ?>)
							<?php } ?>
							</option>
							<?php } ?>
						  </select>
						</div>
						<?php } ?>
						<?php if ($option['type'] == 'radio') { ?>
						<div class="form-group<?php echo ($option['required'] ? ' required' : ''); ?>">
						  <label class="control-label"><?php echo $option['name']; ?></label>
						  <div id="input-option-<?php echo $accessory['product_id']; ?>-<?php echo $option['product_option_id']; ?>">
							<?php foreach ($option['product_option_value'] as $option_value) { ?>
							<div class="radio">
							  <label>
								<input type="radio" name="accessory_option[<?php echo $accessory['product_id']; ?>][<?php echo $option['product_option_id']; ?>]" value="<?php echo $option_value['product_option_value_id']; ?>" />
								<?php echo $option_value['name']; ?>
								<?php if ($option_value['price']) { ?>
								(<?php echo $option_value['price_prefix']; ?><?php echo $option_value['price']; ?>)
								<?php } ?>
							  </label>
							</div>
							<?php } ?>
						  </div>
						</div>
						<?php } ?>
						<?php if ($option['type'] == 'checkbox') { ?>
						<div class="form-group<?php echo ($option['required'] ? ' required' : ''); ?>">
						  <label class="control-label"><?php echo $option['name']; ?></label>
						  <div id="input-option-<?php echo $accessory['product_id']; ?>-<?php echo $option['product_option_id']; ?>">
							<?php foreach ($option['product_option_value'] as $option_value) { ?>
							<div class="checkbox">
							  <label>
								<input type="checkbox" name="accessory_option[<?php echo $accessory['product_id']; ?>][<?php echo $option['product_option_id']; ?>][]" value="<?php echo $option_value['product_option_value_id']; ?>" />
								<?php echo $option_value['name']; ?>
								<?php if ($option_value['price']) { ?>
								(<?php echo $option_value['price_prefix']; ?><?php echo $option_value['price']; ?>)
								<?php } ?>
							  </label>
							</div>
							<?php } ?>
						  </div>
						</div>
						<?php } ?>
						<?php if ($option['type'] == 'image') { ?>
						<div class="form-group<?php echo ($option['required'] ? ' required' : ''); ?>">
						  <label class="control-label"><?php echo $option['name']; ?></label>
						  <div id="input-option-<?php echo $accessory['product_id']; ?>-<?php echo $option['product_option_id']; ?>">
							<?php foreach ($option['product_option_value'] as $option_value) { ?>
							<div class="radio">
							  <label>
								<input type="radio" name="accessory_option[<?php echo $accessory['product_id']; ?>][<?php echo $option['product_option_id']; ?>]" value="<?php echo $option_value['product_option_value_id']; ?>" />
								<img src="<?php echo $option_value['image']; ?>" alt="<?php echo $option_value['name'] . ($option_value['price'] ? ' ' . $option_value['price_prefix'] . $option_value['price'] : ''); ?>" class="img-thumbnail" /> <?php echo $option_value['name']; ?>
								<?php if ($option_value['price']) { ?>
								(<?php echo $option_value['price_prefix']; ?><?php echo $option_value['price']; ?>)
								<?php } ?>
							  </label>
							</div>
							<?php } ?>
						  </div>
						</div>
						<?php } ?>
						<?php if ($option['type'] == 'text') { ?>
						<div class="form-group<?php echo ($option['required'] ? ' required' : ''); ?>">
						  <label class="control-label" for="input-option-<?php echo $accessory['product_id']; ?>-<?php echo $option['product_option_id']; ?>"><?php echo $option['name']; ?></label>
						  <input type="text" name="accessory_option[<?php echo $accessory['product_id']; ?>][<?php echo $option['product_option_id']; ?>]" value="<?php echo $option['value']; ?>" placeholder="<?php echo $option['name']; ?>" id="input-option-<?php echo $accessory['product_id']; ?>-<?php echo $option['product_option_id']; ?>" class="form-control" />
						</div>
						<?php } ?>
						<?php if ($option['type'] == 'textarea') { ?>
						<div class="form-group<?php echo ($option['required'] ? ' required' : ''); ?>">
						  <label class="control-label" for="input-option-<?php echo $accessory['product_id']; ?>-<?php echo $option['product_option_id']; ?>"><?php echo $option['name']; ?></label>
						  <textarea name="accessory_option[<?php echo $accessory['product_id']; ?>][<?php echo $option['product_option_id']; ?>]" rows="5" placeholder="<?php echo $option['name']; ?>" id="input-option-<?php echo $accessory['product_id']; ?>-<?php echo $option['product_option_id']; ?>" class="form-control"><?php echo $option['value']; ?></textarea>
						</div>
						<?php } ?>
						<?php if ($option['type'] == 'file') { ?>
						<div class="form-group<?php echo ($option['required'] ? ' required' : ''); ?>">
						  <label class="control-label"><?php echo $option['name']; ?></label>
						  <button type="button" id="button-upload-<?php echo $accessory['product_id']; ?>-<?php echo $option['product_option_id']; ?>" data-loading-text="<?php echo $text_loading; ?>" class="btn btn-default btn-block"><i class="fa fa-upload"></i> <?php echo $button_upload; ?></button>
						  <input type="hidden" name="accessory_option[<?php echo $accessory['product_id']; ?>][<?php echo $option['product_option_id']; ?>]" value="" id="input-option-<?php echo $accessory['product_id']; ?>-<?php echo $option['product_option_id']; ?>" />
						</div>
						<?php } ?>
						<?php if ($option['type'] == 'date') { ?>
						<div class="form-group<?php echo ($option['required'] ? ' required' : ''); ?>">
						  <label class="control-label" for="input-option-<?php echo $accessory['product_id']; ?>-<?php echo $option['product_option_id']; ?>"><?php echo $option['name']; ?></label>
						  <div class="input-group date">
							<input type="text" name="accessory_option[<?php echo $accessory['product_id']; ?>][<?php echo $option['product_option_id']; ?>]" value="<?php echo $option['value']; ?>" data-format="YYYY-MM-DD" id="input-option-<?php echo $accessory['product_id']; ?>-<?php echo $option['product_option_id']; ?>" class="form-control" />
							<span class="input-group-btn">
							<button class="btn btn-default" type="button"><i class="fa fa-calendar"></i></button>
							</span></div>
						</div>
						<?php } ?>
						<?php if ($option['type'] == 'datetime') { ?>
						<div class="form-group<?php echo ($option['required'] ? ' required' : ''); ?>">
						  <label class="control-label" for="input-option-<?php echo $accessory['product_id']; ?>-<?php echo $option['product_option_id']; ?>"><?php echo $option['name']; ?></label>
						  <div class="input-group datetime">
							<input type="text" name="accessory_option[<?php echo $accessory['product_id']; ?>][<?php echo $option['product_option_id']; ?>]" value="<?php echo $option['value']; ?>" data-format="YYYY-MM-DD HH:mm" id="input-option-<?php echo $accessory['product_id']; ?>-<?php echo $option['product_option_id']; ?>" class="form-control" />
							<span class="input-group-btn">
							<button type="button" class="btn btn-default"><i class="fa fa-calendar"></i></button>
							</span></div>
						</div>
						<?php } ?>
						<?php if ($option['type'] == 'time') { ?>
						<div class="form-group<?php echo ($option['required'] ? ' required' : ''); ?>">
						  <label class="control-label" for="input-option-<?php echo $accessory['product_id']; ?>-<?php echo $option['product_option_id']; ?>"><?php echo $option['name']; ?></label>
						  <div class="input-group time">
							<input type="text" name="accessory_option[<?php echo $accessory['product_id']; ?>][<?php echo $option['product_option_id']; ?>]" value="<?php echo $option['value']; ?>" data-format="HH:mm" id="input-option-<?php echo $accessory['product_id']; ?>-<?php echo $option['product_option_id']; ?>" class="form-control" />
							<span class="input-group-btn">
							<button type="button" class="btn btn-default"><i class="fa fa-calendar"></i></button>
							</span></div>
						</div>
						<?php } ?>
						<?php } ?>
						<?php } ?>				  
					  <!-- end options -->					  
					  <input type="text" name="accessories[<?php echo $accessory['product_id'];?>]" id="accessories-<?php echo $accessory['product_id'];?>" onkeyup="get_discount(<?php echo $accessory['product_id'];?>, this.value);" value="<?php echo ($accessory['required']) ? $accessory['minimum'] : 0; ?>" class="form-control" title="<?php echo $entry_qty; ?>" />					
					  <input type="hidden" name="accessories_values[<?php echo $accessory['product_id'];?>]" id="accessories-values-<?php echo $accessory['product_id'];?>" value="<?php echo ($accessory['special_value']) ? $accessory['special_value'] : $accessory['price_value'];?>" />
					  <input type="hidden" name="accessories_values_tax[<?php echo $accessory['product_id'];?>]" id="accessories-values-tax-<?php echo $accessory['product_id'];?>" value="<?php echo ($accessory['tax_value']) ? $accessory['tax_value'] : 0 ;?>" />
					</div>
				  </div>
				</div>
				<?php } ?>
				<input type="hidden" name="price_value" id="price-value" value="<?php echo ($special_value) ? $special_value : $price_value; ?>" />
				<input type="hidden" name="tax_value" id="tax-value" value="<?php echo ($tax_value) ? $tax_value : 0; ?>" />
				<input type="hidden" name="accessories_ids" id="accessories-ids" value="<?php echo implode('.', $accessories_ids); ?>" />
				<div class="product-layout product-list col-xs-12">
				<?php if ($price) { ?>
				  <ul class="list-unstyled">
					<li><?php echo $text_total_accessories; ?> <?php echo $simbol_left; ?><span id="total-accessories">0.0</span><?php echo $simbol_right; ?> <?php if(!empty($accessory_options)){ echo $text_plus_options; }?></li>
					<?php if ($accessory['tax']) { ?>
					<li><span style="color: #999;"><?php echo $text_total_accessories_tax; ?> <?php echo $simbol_left; ?><span id="total-accessories-tax">0.0</span><?php echo $simbol_right; ?><?php if(!empty($accessory_options)){ echo $text_plus_options; }?></span></li>
					<?php } ?>
					<li><?php echo $text_total_geral; ?> <?php echo $simbol_left; ?><span id="total-geral"><?php echo ($special) ? $special_value : $price_value; ?></span><?php echo $simbol_right; ?> <?php if(!empty($accessory_options)){ echo $text_plus_options; }?></li>
					<?php if ($accessory['tax']) { ?>
					<li><span style="color: #999;"><?php echo $text_total_geral_tax; ?> <?php echo $simbol_left; ?><span id="total-geral-tax"><?php echo ($special) ? $special_value : $price_value; ?></span><?php echo $simbol_right; ?><?php if(!empty($accessory_options)){ echo $text_plus_options; }?></span></li>					
					<?php } ?>
					</ul>				
				<?php } ?>
				<div id="accessory-msg"></div>
				</div>
			  </div>
			<hr />
			<?php } ?>			
			]]></add>
		</operation>	
		<operation>
			<search><![CDATA[
			<?php echo $footer; ?>
			]]></search>
			<add position="before"><![CDATA[
			<?php if ($accessories) { ?>
			<script type="text/javascript">
			function update_accessories(){
				if($('#accessories_ids').attr('value') == '') {
					return;
				}				
				var product_quantity = $('input[name="quantity"]').val();
			
				if(!isNaN(product_quantity)){
					<?php if ($price) { ?>
					var product_price = $('#price-value').val();
					var product_total = product_price * product_quantity;
					var product_price_tax = $('#tax-value').val();
					var product_total_tax = product_price_tax * product_quantity;					
					var total_accessories = 0;
					var total_accessories_tax = 0;
					<?php } ?>
					var accessories_ids = $('#accessories-ids').attr('value').split('.');
					
					for (var i = 0; i < accessories_ids.length; i++) {
						
						qtde = $('#accessories-' + accessories_ids[i]).val();
						if(isNaN(qtde)) {
							$('#accessories-' + accessories_ids[i]).val(0);
						}
						else{
							<?php if ($price) { ?>
							value = $('#accessories-values-' + accessories_ids[i]).val();
							value_tax = $('#accessories-values-tax-' + accessories_ids[i]).val();
							total_accessories += qtde * value;
							total_accessories_tax += qtde * value_tax;
							<?php } ?>
						}
					}
					<?php if ($price) { ?>
					var total_geral = product_total + total_accessories;
					var total_geral_tax = product_total_tax + total_accessories_tax;
				
					$('#total-accessories').html(total_accessories.toFixed(<?php echo $decimal_place; ?>).replace('.', '<?php echo $decimal_point; ?>'));
					$('#total-accessories-tax').html(total_accessories_tax.toFixed(<?php echo $decimal_place; ?>).replace('.', '<?php echo $decimal_point; ?>'));
					$('#total-geral').html(total_geral.toFixed(<?php echo $decimal_place; ?>).replace('.', '<?php echo $decimal_point; ?>'));
					$('#total-geral-tax').html(total_geral_tax.toFixed(<?php echo $decimal_place; ?>).replace('.', '<?php echo $decimal_point; ?>'));
					<?php } ?>
				}
				else{
					$('input[name="quantity"]').val(1);
				}	
			}
			$(document).ready(function() {
				$('.pa-thumb').magnificPopup({
					type:'image',
					delegate: 'a',
					gallery: {
						enabled:false
					}
				});			
				update_accessories();
			});
			function get_discount(product_id, quantity){
				$.ajax({
					url: 'index.php?route=product/product/discount&product_id=' + product_id,
					type: 'post',
					dataType: 'json',
					data: 'quantity=' + quantity,
					beforeSend: function() {
						$('#accessory-msg').html('<div class="alert alert-success"><?php echo $text_wait; ?><button type="button" class="close" data-dismiss="alert">&times;</button></div>');
					},
					complete: function() {
						$('.alert').remove();
					},
					success: function(data) {
						if (data['error']) {
							$('#accessory-msg').html('<div class="text-danger">' + data['error'] + '</div>');
						}
						
						if (data['success']) {
							<?php if ($price) { ?>
							$('#accessories-values-' + product_id).val(data['price']);
							$('#accessories-values-tax-' + product_id).val(data['tax']);
							<?php } ?>
						}
						update_accessories();
					}
				});			
			}
			
			$('input[name="quantity"]').keyup(function() {
				update_accessories();
			});
			
			$(document).delegate('.pa-description', 'click', function(e) {
				e.preventDefault();

				$('#modal-pa-description').remove();

				var element = this;

				$.ajax({
					url: $(element).attr('href'),
					type: 'get',
					dataType: 'html',
					success: function(data) {
						html  = '<div id="modal-pa-description" class="modal">';
						html += '  <div class="modal-dialog">';
						html += '    <div class="modal-content">';
						html += '      <div class="modal-header">';
						html += '        <button type="button" class="close" data-dismiss="modal" aria-hidden="true">&times;</button>';
						html += '        <h4 class="modal-title">' + $(element).text() + '</h4>';
						html += '      </div>';
						html += '      <div class="modal-body">' + data + '</div>';
						html += '    </div';
						html += '  </div>';
						html += '</div>';

						$('body').append(html);

						$('#modal-pa-description').modal('show');
					}
				});
			});			
			</script>
			
			<style type="text/css">
			.pa-caption{
				min-height: 50px !important;
				margin-left: 25% !important;
			}
			@media (max-width: 767px) {
			.pa-caption{
				margin-left: 0px !important;
			}
			}			
			</style>
			<?php } ?>
			]]></add>
		</operation>
		<operation>
			<search><![CDATA[
			if (json['error']['option']) {
			]]></search>
			<add position="before"><![CDATA[
			<?php if ($accessories) { ?>
			if (json['error']['accessory']) {
				var error_msg = '';
				for (i in json['error']['accessory']) {
					error_msg += json['error']['accessory'][i] + '<br />';
				}
				$('#accessory-msg').html('<div class="text-danger">' + error_msg + '</div>');
			}
			if (json['error']['accessory_option']) {
				for (i in json['error']['accessory_option']) {
					var element = $('#input-option-' + i);
					
					if (element.parent().hasClass('input-group')) {
						element.parent().after('<div class="text-danger">' + json['error']['accessory_option'][i] + '</div>');
					} else {
						element.after('<div class="text-danger">' + json['error']['accessory_option'][i] + '</div>');
					}				
				}
			}
			<?php } ?>			
			]]></add>
		</operation>
	</file>
</modification>
